Here is the list of characters and their different name variations:

1. Madam Pomfrey: madam	pomfrey, adam	pomfrey
2. Benjy Fenwick: benjy	fenwick
3. Barny Weasley: barny	weasley
4. Aunt Petunia: aunt	petunia, auntpetunia
5. Sybill Trelawney: sybill	trelawney, professortrelawney, professor	trelawney, trelawney
6. Octavius Pepper: octavius	pepper
7. Ernie Prang: ernie	prang
8. Professor Sprout: professorsprout, professor	sprout, sprout
9. Gaunt: gaunt
10. Bellatrix: bellatrix, bellatrixlestrange, bellatrix	lestrange, bellatrix	black
11. Nymphadora Tonks: nymphadora	tonks, mrs.	tonks, tonks
12. Mrs. Dursley: mrs.dursley, mrs.	dursley
13. Dolohov: dolohov
14. Rita Skeeter: ritaskeeter, rita	skeeter, rita, skeeter
15. Patricia Stimpson: patricia	stimpson
16. Runcorn: runcorn
17. Minerva McGonagall: minervamcgonagall, professor	mcgonagall, minerva, mcgonagall, professor	mcgonagal, minerva	mcgonagall
18. My Father: my	father, his	father, myfather, father
19. Bill and Fleur: bill	and	fleur
20. Snivellus: snivellus
21. Healer Strout: healer	strout
22. Florean Fortescue: florean	fortescue, floreanfortescue
23. Horace Slughorn: horaceslughorn, professor	h.e.f.	slughorn, professor	slughorn, slughorn, professorslughorn
24. Trevor: trevor
25. Crookshanks: crookshanks
26. Marietta: marietta, marietta	edgecombe, mariettaedgecombe
27. Madam Bones: madambones, madam	bones, amelia	bones
28. Patil: patil, parvati	patil, padma	patil, parvatipatil, padma
29. Mr. Wormtail: mr.	wormtail
30. Dumbledore: umbledore, dumbledore, albusdumbledore, albus	dumbled, albus	percival	wulfric	brian	dumbledore, albus	percival	wulfric	briandumbledore, albus	percival	wulfric	brian	dumbled, professor	dumbledore, professordumbledore, dumbledore
31. Malcolm: malcolm, malcolm	baddock
32. Dean Thomas: deanthomas, dean, dean	thomas
33. To Peter Rowling: to	peter	rowling
34. Professor Lupin: professorlupin, professor	lupin, remus	lupin, lupin, professor	r.	j.	lupin, remuslupin
35. Bulstrode: bulstrode, millicentbulstrode
36. Mrs. Figg: mrs.figg, mrs.	figg, arabella	figg, arabella	doreen	figg
37. Arkie Alderton: arkie	alderton
38. Quirke: quirke
39. Rubeus: rubeus, rubeus	hagrid, professor	hagrid, hagrid
40. Mr. Ollivander: mr.ollivander, ollivander
41. Eric Munch: eric	munch
42. Seamus Finnigan: seamus	finnigan, seamusfinnigan, seamus, finnigan
43. Mbridge: mbridge
44. Ludovic Bagman: ludovic	bagman, ludo	bagman, ludo, ludobagman, mr.	ludo	bagman
45. Mr. Potter: mr.	potter, harry	p-potter, harry	james	potter, harry	potter, harry,	hurry!”	she	mouthed.harry, harry, mr.potter, harrypotter, arry	potter
46. Stan: stan, stan	shunpike, stanshunpike
47. Hermione Granger: hermione	granger, hermione	g-granger, hermionegranger, hermione, granger, miss	granger
48. Aunt Marge: auntmarge, marge
49. Petrificus Totalus: petrificus	totalus
50. Madam Malkin: madam	malkin, madammalkin
51. Minerva: minerva
52. Professor: professor
53. Mr. Bode: mr.	bode, broderick	bode, bode
54. Eloise Midgen: eloisemidgen, eloise	midgen
55. Dean: dean
56. Big D: big	d, dudley	demented, dudley	dursley, dudley
57. Maxime: maxime, madamemaxime, madame	maxime, olympe
58. Merope Riddle: meroperiddle, merope	gaunt, merope
59. The Prime Minister: the	prime	minister, prime	minister, primeminister
60. Leanne: leanne
61. Professor Moody: professormoody, professor	moody, moody, mad-eye	moody, mad-eyemoody
62. Hermes: hermes
63. Madam Maxime: madamemaxime, madame	maxime
64. Professor Gilderoy Lockhart: professor	gilderoy	lockhart, gilderoylockhart, gilderoy	lockhart, professorlockhart, professor	lockhart, lockhart
65. Bletchley: bletchley, miles	bletchley
66. Mr. Weasley: mr.weasley, mr.	weasley, arthur	weasley, arthurweasley
67. Pius Thicknesse: pius	thicknesse, piusthicknesse, thicknesse
68. Newt Scamander: newt	scamander
69. Amelia Bones: amelia	bones, amelia	susanbones
70. Jugson: jugson
71. Mr. H. Potter: mr.	h.	potter
72. Griphook: griphook
73. Millicent: millicent
74. Helena Ravenclaw: helena	ravenclaw, helenaravenclaw
75. Bole: bole
76. Fenrir Greyback: fenrirgreyback, fenrir	greyback, greyback, fenrir
77. James: james, james	potter, jamespotter
78. Adrian Pucey: adrian	pucey, pucey
79. Narcissa: narcissa, narcissa	malfoy
80. Angelina: angelina, angelina	johnson
81. Stewart Ackerley: stewart	ackerley
82. Cedric Diggory: cedric	diggory, ced, cedricdiggory, mr.	cedric	diggory, mr.diggory, mr.	diggory
83. Mostafa: mostafa
84. Sirius Harry: siriusharry
85. Whitby: whitby
86. Bagman: bagman
87. Willy Widdershins: willy	widdershins
88. Sloper: sloper, jack	sloper
89. Bob Ogden: bob	ogden, ogden
90. Chang: chang, cho	chang, cho
91. Antioch: antioch
92. Violet: violet
93. Mum: mum, mum	and	dad
94. Dirk: dirk, dirk	cresswell
95. Caradoc Dearborn: caradoc	dearborn
96. Professor Carrow: professor	carrow, alectocarrow, alecto	carrow
97. Phineas Nigellus: phineasnigellus, phineas	nigellus, phineas	nigellus	black, phineas
98. Dragomir Gorgovitch: dragomir	gorgovitch
99. Crouch: crouch, barty	crouch, mr.	crouch, bartemius	crouch, mr.	bartemiuscrouch
100. Ced: ced
101. Nigellus: nigellus
102. Lily Potter: lily	potter, lily	evans, lily
103. Malcolm Baddock: malcolm	baddock
104. Volkov: volkov
105. Rose: rose
106. Madam Rosmerta: madam	rosemerta, madam	rosmerta, madamrosmerta, rosmerta
107. Mullet: mullet
108. Johnson: johnson, angelina	johnson
109. Dolores Umbridge: doloresumbridge, weasley, dolores	jane	umbridge, dolores	janeumbridge, dolores	umbridge, umbridge, professor	umbridge, highinquisitor, high	inquisitor, dolores
110. Lily: lily, lily	potter, lily	evans
111. Mr. Crouch: mr.crouch, mr.	crouch
112. Professor Umbridge: professor	umbridge
113. Noble-looking wizard: noble-looking	wizard
114. Mr. Moony: mr.	moony
115. Quirrell: quirrell, professor	quirrell, professorquirrell
116. Dennis Bishop: dennis	bishop
117. Professor Tofty: professor	tofty
118. Fridwulfa: fridwulfa
119. Aidan Lynch: aidan	lynch
120. Al: al
121. High Inquisitor: highinquisitor, high	inquisitor
122. Maid: maid
123. Penelope: penelope, penelope	clearwater, penelopeclearwater
124. Snuffles: snuffles
125. Professor Bagshot: professor	bagshot, bathilda	bagshot, bathildabagshot
126. The Gurg: the	gurg, gurg
127. Prime Minister: primeminister, prime	minister
128. Golgomath: golgomath
129. Professor H.E.F. Slughorn: professor	h.e.f.	slughorn
130. Ernie the Hufflepuff: ernie	the	hufflepuff
131. Sybill: sybill
132. Ignotus Peverell: ignotus	peverell, ignotuspeverell, ignotus
133. Theodore Nott: theodore	nott, nott
134. Alicia Spinnet: alicia	spinnet, spinnet
135. Robert Fagles: robertfagles, robert	fagles
136. Hugo: hugo
137. Albus Dumbledore: albusdumbledore, albus	dumbledore
138. Professor Longbottom: professor	longbottom, nevillelongbottom, neville	longbottom, longbottom
139. Hufflepuff: hufflepuff, helga	hufflepuff, helgahufflepuff
140. Bellatrix Lestrange: bellatrixlestrange, bellatrix	lestrange
141. Mrs. Weasley: mrs.weasley, mrs.	weasley, molly	weasley, molly
142. Gornuk: gornuk
143. Celestina: celestina, celestina	warbeck, celestinawarbeck
144. Dad: dad
145. Mrs. Tonks: mrs.	tonks
146. Bertha Jorkins: berthajorkins, bertha	jorkins, bertha
147. Slughorn: slughorn
148. Parvati Patil: parvati	patil, parvatipatil
149. Albus: albus
150. Rosier: rosier
151. Padma Patil: padma	patil, padma
152. Oliver Wood: oliver	wood, oliver, wood
153. Fred Weasley: fred	weasley, fredweasley, fred
154. The Seer: the	seer
155. Oliver: oliver
156. Smith: smith
157. Felix Felicis: felixfelicis, felix	felicis
158. Professor Karkaroff: professorkarkaroff, professor	karkaroff, karkaroff
159. Great Uncle Algie: great	uncle	algie
160. Lucius Malfoy: lucius	malfoy, luciusmalfoy, lucius
161. Reg Cattermole: regcattermole, reg	cattermole, cattermole
162. River: river
163. Dippet: dippet, armando	dippet, professor	dippet, professordippet
164. Avery: avery
165. Aeschylus: aeschylus
166. Harry Potter: harrypotter, harry	potter, harry
167. Professor Lockhart: professorlockhart, professor	lockhart, lockhart
168. The Death Eater: the	death	eater, deatheater
169. He-Who-Must-Not-Be-Named: he-who-must-not-be-named
170. Pierre Bonaccord: pierre	bonaccord, bonaccord
171. Ali Bashir: ali	bashir
172. Don’ Yeh: don’	yeh
173. David: david
174. Barnabas Cuffe: barnabas	cuffe
175. Phineas Nigellus: phineas	nigellus, phineasnigellus, phineas	nigellus	black, phineas
176. Bogrod: bogrod
177. Doge: doge, elphiasdoge, elphias	doge
178. Fred and George: fred	and	george, george	weasley, george
179. Professor Flitwick: professor	flitwick, flitwick, professorflitwick
180. Albus Dumbled: albus	dumbled
181. Sir Cadogan: sircadogan, sir	cadogan
182. Helga Hufflepuff: helga	hufflepuff
183. Kingsley: kingsley, kingsley	shacklebolt, kingsleyshacklebolt
184. Gellert: gellert, gellert	grindelwald, grindelwald
185. Rubeus Hagrid: rubeus	hagrid, hagrid
186. Mr. Borgin: mr.	borgin, borgin
187. Madam Lestrange: madam	lestrange
188. Marietta Edgecombe: marietta	edgecombe, mariettaedgecombe
189. Elphias Doge: elphiasdoge,
