1. Bill Weasley: bill weasley, bill, barny weasley, bardy weadley
2. The Gurg: the gurg, karkus, gurg
3. Professor Binns: professor binns, binns
4. Madam Malkin: madammalkin, madam malkin
5. Mr. Dursley: mr.dursley, mr. dursley, mrs. dursley
6. Malcolm Baddock: malcolm baddock, baddock
7. Marcus Belby: marcus belby, belby
8. Professor Merrythought: professor merrythought, galatea merrythought
9. Mary Elizabeth Cattermole: mary elizabeth cattermole, mrs. cattermole, mary cattermole, cattermole
10. Nott: nott, theodore nott
11. Agnes: agnes
12. Zabini: zabini, blaisezabini, blaise
13. Scabior: scabior
14. Professor Vector: professor vector, professorvector
15. Bathilda: bathilda, bathilda bagshot, professor bagshot
16. Poppy: poppy, madampomfrey, madam pomfrey, adam pomfrey
17. Albus Dumbledore: albus, umbledore, albus dumbled, albus percival wulfric brian dumbledore, albus dumbledore, albus percival wulfric briandumbledore, dumbledore, professor dumbledore, professordumbledore
18. Mr. Crouch: mr. crouch, mr.crouch, bartemius crouch, barty crouch, mr. bartemiuscrouch
19. Severus Snape: severus snape, snivellus, severus, professor severus snape, severussnape, snape, tobias snape
20. Lee Jordan: lee jordan, jordan
21. Professor Dippet: professordippet, professor dippet, dippet
22. His Father: his father, your father, my father
23. Bulstrode: bulstrode, millicent bulstrode, millicent
24. T. M. Riddle: t. m. riddle, t. m.riddle, tom riddle, tomriddle, tom riddle senior, tomriddle senior
25. Grindelwald: grindelwald, gellert grindelwald, grindelvald
26. Rufus: rufus, rufus scrimgeour
27. Abraxas Malfoy: abraxas malfoy
28. Bletchley: bletchley, miles bletchley, keeper bletchley
29. Cho Chang: chochang, cho chang, cho
30. Potter: potter, harry potter, harry, harry james potter, mr. potter, mr.potter, harry p-potter, harry, hurry!” she mouthed.harry
31. Madam Rosmerta: madamrosmerta, madam rosmerta, madam rosemerta, rosmerta
32. Whitby: whitby
33. Petrificus Totalus: petrificus totalus
34. Mr. Burke: mr. burke, caractacus burke, caractacusburke
35. Mr. Longbottom: mr. longbottom, mrs. longbottom, mrs.longbottom, neville longbottom, nevillelongbottom, longbottom
36. Agrid: agrid
37. Miss Fleur Delacour: miss fleur delacour, fleur delacour, fleur, fleurdelacour, missdelacour
38. Arnold Peasegood: arnoldpeasegood
39. Ginny Weasley: ginnyweasley, ginny weasley, ginny
40. Justin: justin, justin finch-fletchley, justinfinch-fletchley, finch-fletchley
41. Stebbins: stebbins
42. Dolohov: dolohov, antonin dolohov
43. Mandy: mandy
44. Headmaster: headmaster, headmistress
45. Felix: felix, felixfelicis, felix felicis
46. Hestia: hestia, hestia jones
47. Ruddy: ruddy
48. Miss Granger: miss granger, hermione granger, hermionegranger, hermione, ermione
49. Augustus Pye: augustus pye
50. Ron and Hermione: ron andhermione, ron and hermione
51. Ronan: ronan
52. Dolores Jane Umbridge: dolores janeumbridge, dolores jane umbridge, doloresumbridge, dolores umbridge, umbridge, mbridge, high inquisitor, highinquisitor
53. Ivanova: ivanova
54. Padma Patil: padma patil, padma, parvatipatil, parvati patil, parvati
55. Mrs. Weasley: mrs. weasley, mrs.weasley, mr. and mrs. weasley, mr.and mrs. weasley
56. Seamus Finnigan: seamus finnigan, seamusfinnigan, seamus, finnigan, mrs. finnigan
57. Amycus: amycus, alecto carrow, alectocarrow
58. Mrs. Longbottom: mrs. longbottom, mrs.longbottom, alicelongbottom, alice longbottom
59. Pettigrew: pettigrew, peter pettigrew, peter
60. Voldemort: voldemort, oldemort, lord voldemort, dark lord, darklord, he-who-must-not-be-named, you-know-who, lordvoldemort
61. Godelot: godelot
62. Brocklehurst: brocklehurst
63. Benjy Fenwick: benjyfenwick, benjy fenwick
64. Xenophilius Lovegood: xenophilius, xenophilius lovegood, xeno lovegood, loonylovegood, luna lovegood, lunalovegood, luna
65. Gornuk: gornuk
66. Stan Shunpike: stan, stan shunpike, stanshunpike
67. Jimmy Peakes: jimmy peakes, peakes
68. Witch or Wizard: witchor wizard, witch or wizard
69. Anthony Goldstein: anthony goldstein
70. Minister: minister, minister of magic, prime minister, primeminister
71. Ludovic Bagman: ludovic bagman, ludo bagman, ludo, mr. ludo bagman, mr. bagman
72. Professor Marchbanks: professor marchbanks, professors marchbanks, griselda marchbanks
73. Minerva McGonagall: minervamcgonagall, minerva mcgonagall, mcgonagall, professor mcgonagall, professors mcgonagall, professorsprout, professor mcgonagall, professormcgonagall
74. Olive Hornby: olive hornby
75. Master Regulus: master regulus, masterregulus, regulus black, regulus arcturus, regulus
76. Madam Malkin: madam malkin
77. Dolores Umbridge: doloresumbridge, dolores umbridge, umbridge
78. J.K. Rowling: j.k. rowling
79. Mrs. Hetty Bayliss: mrs. hetty bayliss
80. Abbott: abbott, hannah abbott, hannah
81. Kenneth Towler: kenneth towler
82. Bane: bane
83. Gran: gran
84. The Second Brother: the second brother
85. Ernie: ernie, ernie the hufflepuff, erniemacmillan, ernie macmillan, ernie prang
86. Dumbledore: dumbledore
87. Aunt Marge: aunt marge, marge
88. Shacklebolt: shacklebolt, kingsley shacklebolt, kingsleyshacklebolt, kingsley
89. Mrs. Cattermole: mrs. cattermole, mrs.cattermole
90. Dennis Creevey: dennis creevey, dennis, colin creevey, colincreevey, creevey, creevey brothers
91. Headmistress: headmistress
92. Broderick Bode: broderick bode, bode
93. Peeves: peeves
94. Roger Davies: roger davies, rogerdavies
95. Gellert Grindelwald: gellert grindelwald, gellert, grindelwald
96. Molly: molly, molly weasley
97. Elphias Doge: elphiasdoge, elphias doge, doge
98. Fenrir Greyback: fenrirgreyback, fenrir greyback, fenrir
99. Arabella Figg: arabella figg, arabella doreen figg, mrs. figg, mrs.figg
100. Adalbert Waffling: adalbert waffling
101. Your Mother: your mother, my mother
102. Felix Felicis: felixfelicis, felix felicis
103. Professor Tofty: professor tofty
104. Professor Umbridge: professorumbridge, professor umbridge
105. Ragnok: ragnok
106. Lavender Brown: lavenderbrown, lavender brown, lavender
107. Uncle Vernon: uncle vernon, vernon, vernon dursley, vernon dudley
108. Ludo: ludo
109. Fabian Prewett: fabian prewett
110. Hokey: hokey
111. Ignotus: ignotus, ignotus peverell, ignotuspeverell
112. Prime Minister: prime minister, primeminister
113. Leanne: leanne
114. Professors McGonagall: professors mcgonagall
115. Pigwidgeon: pigwidgeon
116. Noble-looking Wizard: noble-looking wizard
117. Bill: bill
118. Fleur: fleur
119. Kenzie: kenzie
120. Perce: perce
121. Gilderoy Lockhart: gilderoylockhart, gilderoy lockhart, gilderoy, lockhart, professor lockhart, professorlockhart
122. Magorian: magorian
123. Florean Fortescue: floreanfortescue, florean fortescue, florean
124. Mrs. Black: mrs.black, mrs. black
125. Professor Carrow: professor carrow
126. Demelza Robins: demelza robins, demelza
127. Black: black
128. Professor Grubbly-Plank: professorgrubbly-plank, professor grubbly-plank, grubbly-plank
129. Lockhart: lockhart
130. Andromeda: andromeda
131. Oldemort: oldemort
132. Penelope: penelope, penelopeclearwater, penelope clearwater
133. Romilda Vane: romilda vane, romildavane, romilda
134. Horace Slughorn: horace slughorn, slughorn, horaceslughorn, professor slughorn, professorslughorn
135. High Inquisitor: highinquisitor, high inquisitor
136. Arthur: arthur, arthur weasley, arthurweasley
137. Gwenog Jones: gwenog jones
138. Cornelius Fudge: corneliusfudge, cornelius fudge, cornelius oswald fudge, fudge
139. Ambrosius Flume: ambrosius flume
140. Professor McGonagall: professormcgonagall, professor mcgonagall
141. Nymphadora: nymphadora, nymphadora tonks, tonks
142. Bode: bode
143. Colin: colin, colin creevey, colincreevey
144. Bathilda Bagshot: bathilda bagshot, bathildabagshot
145. Hermes: hermes
146. Manager: manager
147. Mr. Filch: mr. filch, filch, argus filch, argusfilch
148. Pomona: pomona, professorsprout, professor sprout
149. Dolores Jane Umbridge: dolores jane umbridge, doloresjaneumbridge, doloresumbridge, dolores umbridge, umbridge
150. Marvolo: marvolo, marvolo gaunt
151. Fudge: fudge
152. Justin Finch-Fletchley: justin finch-fletchley, justinfinch-fletchley, finch-fletchley
153. Snape: snape
154. Mrs. Tonks: mrs. tonks
155. Merope Riddle: meroperiddle, merope riddle, merope gaunt, merope
156. The Prince: the prince, prince
157. Cliodna: cliodna
158. Barty Crouch: bartycrouch, barty crouch, mr. barty crouch
159. Mr. Malfoy: mr.malfoy, mr. malfoy, lucius malfoy, luciusmalfoy, lucius
160. Kingsley: kingsley
161. Professor Dippet: professor dippet, professordippet
162. Malfoy: malfoy, draco malfoy, dracomalfoy, draco
163. Mrs. Dursley: mrs. dursley, mrs.dursley
164. James Potter: james potter, james, jamespotter
165. Karkaroff: karkaroff, igor karkaroff, igor
166. Mrs. Norris: mrs. norris, mrs.norris
167. Romilda Vane: romildavane, romilda vane, romilda
168. Michael: michael, michael corner
169. Helena Ravenclaw: helena ravenclaw, helenaravenclaw
170. Master: master
171. Euan Abercrombie: euan abercrombie, euanabercrombie, euan
172. Loony Lovegood: loonylovegood, luna lovegood, lunalovegood, luna
173. Parvati Patil: parvatipatil, parvati patil, parvati
174. Little Miss Perfect: littlemiss perfect, little miss perfect
175. Professor Black: professor black
176. Albus Percival Wulfric Brian Dumbledore: albus percival wulfric brian dumbledore, albusdumbledore
177. Kendra: kendra, kendra dumbledore
178. Parvati: parvati, parvati patil, parvatipatil
179. Severus Snape:
